Pool name,Sequence
B4_tff3_11_Dla12,CCTCAACCTACCTCCAACaaTTGAAAAACTGTACGTACTACCCTA
B4_tff3_11_Dla12,GGATTGTATCTTAGTTCTTTTATTAatTCTCACCATATTCGCTTC
B4_tff3_11_Dla12,CCTCAACCTACCTCCAACaaACAAACAGGAAGCTGGAGCTGGGAC
B4_tff3_11_Dla12,AAAAATCACCTAGAAATCGTTGTTGatTCTCACCATATTCGCTTC
B4_tff3_11_Dla12,CCTCAACCTACCTCCAACaaTCTTCAGGAAGTTTCTACTTTAACA
B4_tff3_11_Dla12,TGGCTGTTATTTCCCAGTTGAGCAGatTCTCACCATATTCGCTTC
B4_tff3_11_Dla12,CCTCAACCTACCTCCAACaaCCAGGGGACACCAGCAGGATGTGCC
B4_tff3_11_Dla12,TTCTTCAACTGTGCGGTGGTAGAAGatTCTCACCATATTCGCTTC
B4_tff3_11_Dla12,CCTCAACCTACCTCCAACaaTTAGCTGTGATGCCAGGGTAGCCAC
B4_tff3_11_Dla12,AAGCAGCATCTCCTGCTTATGCACTatTCTCACCATATTCGCTTC
B4_tff3_11_Dla12,CCTCAACCTACCTCCAACaaACACTTTCTTAACTTTCTTTGGTTT
B4_tff3_11_Dla12,TCACTCGGATACGAGGATCAGCAGGatTCTCACCATATTCGCTTC
B4_tff3_11_Dla12,CCTCAACCTACCTCCAACaaCGACGCATTGAAGCAGCACCCAGCT
B4_tff3_11_Dla12,AGTGAAGCACCAGGGGACTCCCGGCatTCTCACCATATTCGCTTC
B4_tff3_11_Dla12,CCTCAACCTACCTCCAACaaGGACCACAGTTCCTCCGCTCCCTGG
B4_tff3_11_Dla12,CTGCAGTCTGCTGCTGAGATTCCTGatTCTCACCATATTCGCTTC
B4_tff3_11_Dla12,CCTCAACCTACCTCCAACaaGTTTTCCTTCTGTTGAGCTGATGAG
B4_tff3_11_Dla12,CTATTTTGCACTGGCATTTTGATGGatTCTCACCATATTCGCTTC
B4_tff3_11_Dla12,CCTCAACCTACCTCCAACaaGATCCCCTTCAGATCCATTGCTCTG
B4_tff3_11_Dla12,TACAGCAAGGATGACAAAGAGCAAGatTCTCACCATATTCGCTTC
B4_tff3_11_Dla12,CCTCAACCTACCTCCAACaaGGTGGAGGAGAGGTGCTGCTTTGCC
B4_tff3_11_Dla12,GCCCTCTGGCCTCTGGCTGGGAAGGatTCTCACCATATTCGCTTC
